{"data": {"avg_num_neighbors": 13.167774345712306, "energy_shifts": {"0": -164.15652986729435, "1": -164.15652986729435, "2": -164.15652986729435, "3": -164.15652986729435, "4": -164.15652986729435, "5": -164.15652986729435, "6": -164.15652986729435, "7": -164.15652986729435, "8": -164.15652986729435, "9": -164.15652986729435, "10": -164.15652986729435, "11": -164.15652986729435, "12": -164.15652986729435, "13": -164.15652986729435, "14": -164.15652986729435, "15": -164.15652986729435, "16": -164.15652986729435, "17": -164.15652986729435, "18": -164.15652986729435, "19": -164.15652986729435, "20": -164.15652986729435, "21": -164.15652986729435, "22": -164.15652986729435, "23": -164.15652986729435, "24": -164.15652986729435, "25": -164.15652986729435, "26": -164.15652986729435, "27": -164.15652986729435, "28": -164.15652986729435, "29": -164.15652986729435, "30": -164.15652986729435, "31": -164.15652986729435, "32": -164.15652986729435, "33": -164.15652986729435, "34": -164.15652986729435, "35": -164.15652986729435, "36": -164.15652986729435, "37": -164.15652986729435, "38": -164.15652986729435, "39": -164.15652986729435, "40": -164.15652986729435, "41": -164.15652986729435, "42": -164.15652986729435, "43": -164.15652986729435, "44": -164.15652986729435, "45": -164.15652986729435, "46": -164.15652986729435, "47": -164.15652986729435, "48": -164.15652986729435, "49": -164.15652986729435, "50": -164.15652986729435, "51": -164.15652986729435, "52": -164.15652986729435, "53": -164.15652986729435, "54": -164.15652986729435, "55": -164.15652986729435, "56": -164.15652986729435, "57": -164.15652986729435, "58": -164.15652986729435, "59": -164.15652986729435, "60": -164.15652986729435, "61": -164.15652986729435, "62": -164.15652986729435, "63": -164.15652986729435, "64": -164.15652986729435, "65": -164.15652986729435, "66": -164.15652986729435, "67": -164.15652986729435, "68": -164.15652986729435, "69": -164.15652986729435, "70": -164.15652986729435, "71": -164.15652986729435, "72": -164.15652986729435, "73": -164.15652986729435, "74": -164.15652986729435, "75": -164.15652986729435, "76": -164.15652986729435, "77": -164.15652986729435, "78": -164.15652986729435, "79": -164.15652986729435, "80": -164.15652986729435, "81": -164.15652986729435, "82": -164.15652986729435, "83": -164.15652986729435, "84": -164.15652986729435, "85": -164.15652986729435, "86": -164.15652986729435, "87": -164.15652986729435, "88": -164.15652986729435, "89": -164.15652986729435, "90": -164.15652986729435, "91": -164.15652986729435, "92": -164.15652986729435, "93": -164.15652986729435, "94": -164.15652986729435, "95": -164.15652986729435, "96": -164.15652986729435, "97": -164.15652986729435, "98": -164.15652986729435, "99": -164.15652986729435, "100": -164.15652986729435, "101": -164.15652986729435, "102": -164.15652986729435, "103": -164.15652986729435, "104": -164.15652986729435, "105": -164.15652986729435, "106": -164.15652986729435, "107": -164.15652986729435, "108": -164.15652986729435, "109": -164.15652986729435, "110": -164.15652986729435, "111": -164.15652986729435, "112": -164.15652986729435, "113": -164.15652986729435, "114": -164.15652986729435, "115": -164.15652986729435, "116": -164.15652986729435, "117": -164.15652986729435, "118": -164.15652986729435}, "energy_unit": "eV", "filepath": "/project/home/p200243/kabylda/datasets/universal_datasets/universal_long_may.xyz", "length_unit": "Angstrom", "neighbors_lr_bool": true, "neighbors_lr_cutoff": 100.0, "shift_mode": "mean", "split_seed": 42}, "model": {"activation_fn": "silu", "cutoff": 4.5, "cutoff_fn": "phys", "cutoff_lr": null, "degrees": [1, 2, 3, 4], "dispersion_energy_bool": true, "dispersion_energy_cutoff_lr_damping": null, "dispersion_energy_scale": 1.8, "electrostatic_energy_bool": true, "electrostatic_energy_scale": 4.0, "energy_activation_fn": "silu", "energy_learn_atomic_type_scales": true, "energy_learn_atomic_type_shifts": true, "energy_regression_dim": 128, "input_convention": "positions", "layer_normalization_1": true, "layer_normalization_2": true, "layers_behave_like_identity_fn_at_init": false, "message_normalization": "avg_num_neighbors", "num_features": 128, "num_features_head": 32, "num_heads": 4, "num_layers": 3, "num_radial_basis_fn": 32, "output_is_zero_at_init": false, "qk_non_linearity": "identity", "radial_basis_fn": "bernstein", "residual_mlp_1": true, "residual_mlp_2": false, "use_charge_embed": true, "use_spin_embed": true, "zbl_repulsion_bool": true}, "neighborlist_format_lr": "sparse", "optimizer": {"gradient_clipping": "clip_by_global_norm", "gradient_clipping_args": {"max_norm": 10}, "learning_rate": 0.001, "learning_rate_schedule": "exponential_decay", "learning_rate_schedule_args": {"decay_rate": 0.85, "transition_steps": 500000}, "name": "amsgrad", "num_of_nans_to_ignore": 0, "optimizer_args": null}, "training": {"allow_restart": true, "batch_max_num_edges": 40960, "batch_max_num_graphs": 201, "batch_max_num_nodes": 4096, "batch_max_num_pairs": 40960, "eval_every_num_steps": 25000, "log_gradient_values": false, "loss_weights": {"dipole_vec": 1.0, "forces": 10.0, "hirshfeld_ratios": 1.0}, "model_seed": 42, "num_epochs": 100, "num_train": 3838500, "num_valid": 20000, "training_seed": 42, "wandb_init_args": {"group": "models_june", "name": "so3_jaylong_fedbj_44_amsgrad", "project": "mlff_version_1"}}, "workdir": "so3_jaylong_fedbj_44_amsgrad"}